"Title","IssueID","IssueType","Description","PhotoUrl","Latitude","Longitude","LocationAddress","County","City","Agency","ReportedBy","ReportedDate","AIAnalysis","AIDetectedConditions","Severity","RecommendedPriority","RecommendedAction","AIConfidence","Status","AssignedTo","ApprovedBy","ApprovalDate","ResolvedDate","ResolutionNotes","EstimatedCost","AssetID","DuplicateOf"
"Road Sign report 001","FI-00001","Road Sign","Field report 1 for Road Sign requiring agency review.","https://<YOUR-TENANT>.sharepoint.com/sites/FieldInspectionDemo/SiteAssets/demo/field-issue-1.jpg","45.517300","-122.680800","101 SW Demo Ave, Metro City","North County","Metro City","ODOT","field.inspector@<YOUR-TENANT>.onmicrosoft.com","2025-09-10T10:00:00","AI detected vegetation obstruction; standing water and recommends P1 handling.","vegetation obstruction; standing water","Critical","P1","Dispatch ODOT crew to inspect, secure area, and complete repair.","71","New","dispatcher@<YOUR-TENANT>.onmicrosoft.com","","","","","387","SIGN-001",""
"Road Sign report 002","FI-00002","Road Sign","Field report 2 for Road Sign requiring agency review.","https://<YOUR-TENANT>.sharepoint.com/sites/FieldInspectionDemo/SiteAssets/demo/field-issue-2.jpg","45.517300","-122.680800","102 SW Demo Ave, Metro City","North County","Metro City","ODOT","field.inspector@<YOUR-TENANT>.onmicrosoft.com","2025-09-13T11:00:00","AI detected water damage; missing hardware and recommends P1 handling.","water damage; missing hardware","Critical","P1","Dispatch ODOT crew to inspect, secure area, and complete repair.","72","AI Analyzed","dispatcher@<YOUR-TENANT>.onmicrosoft.com","","","","","524","SIGN-001","FI-00001"
"Road Sign report 003","FI-00003","Road Sign","Field report 3 for Road Sign requiring agency review.","https://<YOUR-TENANT>.sharepoint.com/sites/FieldInspectionDemo/SiteAssets/demo/field-issue-3.jpg","45.517300","-122.680800","103 SW Demo Ave, Metro City","North County","Metro City","ODOT","field.inspector@<YOUR-TENANT>.onmicrosoft.com","2025-09-16T12:00:00","AI detected structural damage; trip hazard and recommends P1 handling.","structural damage; trip hazard","Critical","P1","Dispatch ODOT crew to inspect, secure area, and complete repair.","73","Assigned","dispatcher@<YOUR-TENANT>.onmicrosoft.com","agency.manager@<YOUR-TENANT>.onmicrosoft.com","2025-09-16T18:00:00","","","661","SIGN-001","FI-00001"
"Road Sign report 004","FI-00004","Road Sign","Field report 4 for Road Sign requiring agency review.","https://<YOUR-TENANT>.sharepoint.com/sites/FieldInspectionDemo/SiteAssets/demo/field-issue-4.jpg","45.517300","-122.680800","104 SW Demo Ave, Metro City","North County","Metro City","ODOT","field.inspector@<YOUR-TENANT>.onmicrosoft.com","2025-09-19T13:00:00","AI detected standing water; corrosion and recommends P1 handling.","standing water; corrosion","Critical","P1","Dispatch ODOT crew to inspect, secure area, and complete repair.","74","In Progress","dispatcher@<YOUR-TENANT>.onmicrosoft.com","agency.manager@<YOUR-TENANT>.onmicrosoft.com","2025-09-19T19:00:00","","","798","SIGN-001","FI-00001"
"Facilities report 005","FI-00005","Facilities","Field report 5 for Facilities requiring agency review.","https://<YOUR-TENANT>.sharepoint.com/sites/FieldInspectionDemo/SiteAssets/demo/field-issue-5.jpg","44.062600","-123.086800","105 SW Demo Ave, Lakeside","River County","Lakeside","Parks & Rec","field.inspector@<YOUR-TENANT>.onmicrosoft.com","2025-09-22T14:00:00","AI detected missing hardware; graffiti and recommends P4 handling.","missing hardware; graffiti","Low","P4","Dispatch Parks & Rec crew to inspect, secure area, and complete repair.","75","AI Analyzed","dispatcher@<YOUR-TENANT>.onmicrosoft.com","","","","","935","FAC-005",""
"Road Sign report 006","FI-00006","Road Sign","Field report 6 for Road Sign requiring agency review.","https://<YOUR-TENANT>.sharepoint.com/sites/FieldInspectionDemo/SiteAssets/demo/field-issue-6.jpg","44.070800","-121.317700","106 SW Demo Ave, Summit","Mountain County","Summit","Public Works","field.inspector@<YOUR-TENANT>.onmicrosoft.com","2025-09-25T15:00:00","AI detected trip hazard; vegetation obstruction and recommends P2 handling.","trip hazard; vegetation obstruction","High","P2","Dispatch Public Works crew to inspect, secure area, and complete repair.","76","Assigned","dispatcher@<YOUR-TENANT>.onmicrosoft.com","agency.manager@<YOUR-TENANT>.onmicrosoft.com","2025-09-25T21:00:00","","","1072","SIGN-006",""
"Water Leak report 007","FI-00007","Water Leak","Field report 7 for Water Leak requiring agency review.","https://<YOUR-TENANT>.sharepoint.com/sites/FieldInspectionDemo/SiteAssets/demo/field-issue-7.jpg","45.515200","-122.683200","107 SW Demo Ave, Metro City","North County","Metro City","Facilities Mgmt","field.inspector@<YOUR-TENANT>.onmicrosoft.com","2025-09-28T16:00:00","AI detected corrosion; water damage and recommends P3 handling.","corrosion; water damage","Medium","P3","Dispatch Facilities Mgmt crew to inspect, secure area, and complete repair.","77","Resolved","dispatcher@<YOUR-TENANT>.onmicrosoft.com","agency.manager@<YOUR-TENANT>.onmicrosoft.com","2025-09-28T22:00:00","2025-10-06T16:00:00","Repair completed and verified.","1209","WTR-007",""
"Park Maintenance report 008","FI-00008","Park Maintenance","Field report 8 for Park Maintenance requiring agency review.","https://<YOUR-TENANT>.sharepoint.com/sites/FieldInspectionDemo/SiteAssets/demo/field-issue-8.jpg","45.525000","-122.997000","108 SW Demo Ave, Hillview","West County","Hillview","Water Bureau","field.inspector@<YOUR-TENANT>.onmicrosoft.com","2025-10-01T09:00:00","AI detected graffiti; structural damage and recommends P4 handling.","graffiti; structural damage","Low","P4","Dispatch Water Bureau crew to inspect, secure area, and complete repair.","78","Rejected","dispatcher@<YOUR-TENANT>.onmicrosoft.com","","","","","1346","PARK-008",""
"Building Inspection report 009","FI-00009","Building Inspection","Field report 9 for Building Inspection requiring agency review.","https://<YOUR-TENANT>.sharepoint.com/sites/FieldInspectionDemo/SiteAssets/demo/field-issue-9.jpg","45.361500","-122.616400","109 SW Demo Ave, Riverton","South County","Riverton","ODOT","field.inspector@<YOUR-TENANT>.onmicrosoft.com","2025-10-04T10:00:00","AI detected vegetation obstruction; standing water and recommends P4 handling.","vegetation obstruction; standing water","Low","P4","Dispatch ODOT crew to inspect, secure area, and complete repair.","79","Resolved","dispatcher@<YOUR-TENANT>.onmicrosoft.com","agency.manager@<YOUR-TENANT>.onmicrosoft.com","2025-10-04T16:00:00","2025-10-05T10:00:00","Repair completed and verified.","1483","BLDG-009",""
"Facilities report 010","FI-00010","Facilities","Field report 10 for Facilities requiring agency review.","https://<YOUR-TENANT>.sharepoint.com/sites/FieldInspectionDemo/SiteAssets/demo/field-issue-10.jpg","44.949200","-123.035100","110 SW Demo Ave, Capital City","Central County","Capital City","Parks & Rec","field.inspector@<YOUR-TENANT>.onmicrosoft.com","2025-10-07T11:00:00","AI detected water damage; missing hardware and recommends P3 handling.","water damage; missing hardware","Medium","P3","Dispatch Parks & Rec crew to inspect, secure area, and complete repair.","80","Resolved","dispatcher@<YOUR-TENANT>.onmicrosoft.com","agency.manager@<YOUR-TENANT>.onmicrosoft.com","2025-10-07T17:00:00","2025-10-09T11:00:00","Repair completed and verified.","1620","FAC-010",""
"Road Sign report 011","FI-00011","Road Sign","Field report 11 for Road Sign requiring agency review.","https://<YOUR-TENANT>.sharepoint.com/sites/FieldInspectionDemo/SiteAssets/demo/field-issue-11.jpg","44.060500","-123.089200","111 SW Demo Ave, Lakeside","River County","Lakeside","Public Works","field.inspector@<YOUR-TENANT>.onmicrosoft.com","2025-10-10T12:00:00","AI detected structural damage; trip hazard and recommends P2 handling.","structural damage; trip hazard","High","P2","Dispatch Public Works crew to inspect, secure area, and complete repair.","81","In Progress","dispatcher@<YOUR-TENANT>.onmicrosoft.com","agency.manager@<YOUR-TENANT>.onmicrosoft.com","2025-10-10T18:00:00","","","1757","SIGN-011",""
"Water Leak report 012","FI-00012","Water Leak","Field report 12 for Water Leak requiring agency review.","https://<YOUR-TENANT>.sharepoint.com/sites/FieldInspectionDemo/SiteAssets/demo/field-issue-12.jpg","44.068700","-121.320100","112 SW Demo Ave, Summit","Mountain County","Summit","Facilities Mgmt","field.inspector@<YOUR-TENANT>.onmicrosoft.com","2025-10-13T13:00:00","AI detected standing water; corrosion and recommends P3 handling.","standing water; corrosion","Medium","P3","Dispatch Facilities Mgmt crew to inspect, secure area, and complete repair.","82","Approved","dispatcher@<YOUR-TENANT>.onmicrosoft.com","agency.manager@<YOUR-TENANT>.onmicrosoft.com","2025-10-13T19:00:00","","","1894","WTR-012",""
"Park Maintenance report 013","FI-00013","Park Maintenance","Field report 13 for Park Maintenance requiring agency review.","https://<YOUR-TENANT>.sharepoint.com/sites/FieldInspectionDemo/SiteAssets/demo/field-issue-13.jpg","45.527800","-122.685600","113 SW Demo Ave, Metro City","North County","Metro City","Water Bureau","field.inspector@<YOUR-TENANT>.onmicrosoft.com","2025-10-16T14:00:00","AI detected missing hardware; graffiti and recommends P4 handling.","missing hardware; graffiti","Low","P4","Dispatch Water Bureau crew to inspect, secure area, and complete repair.","83","AI Analyzed","dispatcher@<YOUR-TENANT>.onmicrosoft.com","","","","","2031","PARK-013",""
"Building Inspection report 014","FI-00014","Building Inspection","Field report 14 for Building Inspection requiring agency review.","https://<YOUR-TENANT>.sharepoint.com/sites/FieldInspectionDemo/SiteAssets/demo/field-issue-14.jpg","45.522900","-122.999400","114 SW Demo Ave, Hillview","West County","Hillview","ODOT","field.inspector@<YOUR-TENANT>.onmicrosoft.com","2025-10-19T15:00:00","AI detected trip hazard; vegetation obstruction and recommends P2 handling.","trip hazard; vegetation obstruction","High","P2","Dispatch ODOT crew to inspect, secure area, and complete repair.","84","Assigned","dispatcher@<YOUR-TENANT>.onmicrosoft.com","agency.manager@<YOUR-TENANT>.onmicrosoft.com","2025-10-19T21:00:00","","","2168","BLDG-014",""
"Road Sign report 015","FI-00015","Road Sign","Field report 15 for Road Sign requiring agency review.","https://<YOUR-TENANT>.sharepoint.com/sites/FieldInspectionDemo/SiteAssets/demo/field-issue-15.jpg","44.060500","-123.089200","115 SW Demo Ave, Lakeside","River County","Lakeside","ODOT","field.inspector@<YOUR-TENANT>.onmicrosoft.com","2025-10-22T16:00:00","AI detected corrosion; water damage and recommends P3 handling.","corrosion; water damage","Medium","P3","Dispatch ODOT crew to inspect, secure area, and complete repair.","85","Resolved","dispatcher@<YOUR-TENANT>.onmicrosoft.com","agency.manager@<YOUR-TENANT>.onmicrosoft.com","2025-10-22T22:00:00","2025-10-29T16:00:00","Repair completed and verified.","2305","SIGN-011",""
"Road Sign report 016","FI-00016","Road Sign","Field report 16 for Road Sign requiring agency review.","https://<YOUR-TENANT>.sharepoint.com/sites/FieldInspectionDemo/SiteAssets/demo/field-issue-16.jpg","44.947100","-123.037500","116 SW Demo Ave, Capital City","Central County","Capital City","Public Works","field.inspector@<YOUR-TENANT>.onmicrosoft.com","2025-10-25T09:00:00","AI detected graffiti; structural damage and recommends P4 handling.","graffiti; structural damage","Low","P4","Dispatch Public Works crew to inspect, secure area, and complete repair.","86","Rejected","dispatcher@<YOUR-TENANT>.onmicrosoft.com","","","","","2442","SIGN-016",""
"Water Leak report 017","FI-00017","Water Leak","Field report 17 for Water Leak requiring agency review.","https://<YOUR-TENANT>.sharepoint.com/sites/FieldInspectionDemo/SiteAssets/demo/field-issue-17.jpg","44.058400","-123.091600","117 SW Demo Ave, Lakeside","River County","Lakeside","Facilities Mgmt","field.inspector@<YOUR-TENANT>.onmicrosoft.com","2025-10-28T10:00:00","AI detected vegetation obstruction; standing water and recommends P4 handling.","vegetation obstruction; standing water","Low","P4","Dispatch Facilities Mgmt crew to inspect, secure area, and complete repair.","87","Resolved","dispatcher@<YOUR-TENANT>.onmicrosoft.com","agency.manager@<YOUR-TENANT>.onmicrosoft.com","2025-10-28T16:00:00","2025-11-06T10:00:00","Repair completed and verified.","2579","WTR-017",""
"Park Maintenance report 018","FI-00018","Park Maintenance","Field report 18 for Park Maintenance requiring agency review.","https://<YOUR-TENANT>.sharepoint.com/sites/FieldInspectionDemo/SiteAssets/demo/field-issue-18.jpg","44.066600","-121.322500","118 SW Demo Ave, Summit","Mountain County","Summit","Water Bureau","field.inspector@<YOUR-TENANT>.onmicrosoft.com","2025-10-31T11:00:00","AI detected water damage; missing hardware and recommends P1 handling.","water damage; missing hardware","Critical","P1","Dispatch Water Bureau crew to inspect, secure area, and complete repair.","88","Resolved","dispatcher@<YOUR-TENANT>.onmicrosoft.com","agency.manager@<YOUR-TENANT>.onmicrosoft.com","2025-10-31T17:00:00","2025-11-01T11:00:00","Repair completed and verified.","2716","PARK-018",""
"Building Inspection report 019","FI-00019","Building Inspection","Field report 19 for Building Inspection requiring agency review.","https://<YOUR-TENANT>.sharepoint.com/sites/FieldInspectionDemo/SiteAssets/demo/field-issue-19.jpg","45.525700","-122.688000","119 SW Demo Ave, Metro City","North County","Metro City","ODOT","field.inspector@<YOUR-TENANT>.onmicrosoft.com","2025-11-03T12:00:00","AI detected structural damage; trip hazard and recommends P2 handling.","structural damage; trip hazard","High","P2","Dispatch ODOT crew to inspect, secure area, and complete repair.","89","In Progress","dispatcher@<YOUR-TENANT>.onmicrosoft.com","agency.manager@<YOUR-TENANT>.onmicrosoft.com","2025-11-03T18:00:00","","","2853","BLDG-019",""
"Park Maintenance report 020","FI-00020","Park Maintenance","Field report 20 for Park Maintenance requiring agency review.","https://<YOUR-TENANT>.sharepoint.com/sites/FieldInspectionDemo/SiteAssets/demo/field-issue-20.jpg","45.516800","-122.676900","120 SW Demo Ave, Metro City","North County","Metro City","Parks & Rec","field.inspector@<YOUR-TENANT>.onmicrosoft.com","2025-11-06T13:00:00","AI detected standing water; corrosion and recommends P3 handling.","standing water; corrosion","Medium","P3","Dispatch Parks & Rec crew to inspect, secure area, and complete repair.","90","Approved","dispatcher@<YOUR-TENANT>.onmicrosoft.com","agency.manager@<YOUR-TENANT>.onmicrosoft.com","2025-11-06T19:00:00","","","2990","PARK-013",""
"Road Sign report 021","FI-00021","Road Sign","Field report 21 for Road Sign requiring agency review.","https://<YOUR-TENANT>.sharepoint.com/sites/FieldInspectionDemo/SiteAssets/demo/field-issue-21.jpg","45.357300","-122.609200","121 SW Demo Ave, Riverton","South County","Riverton","Public Works","field.inspector@<YOUR-TENANT>.onmicrosoft.com","2025-11-09T14:00:00","AI detected missing hardware; graffiti and recommends P4 handling.","missing hardware; graffiti","Low","P4","Dispatch Public Works crew to inspect, secure area, and complete repair.","91","AI Analyzed","dispatcher@<YOUR-TENANT>.onmicrosoft.com","","","","","3127","SIGN-021",""
"Water Leak report 022","FI-00022","Water Leak","Field report 22 for Water Leak requiring agency review.","https://<YOUR-TENANT>.sharepoint.com/sites/FieldInspectionDemo/SiteAssets/demo/field-issue-22.jpg","44.945000","-123.039900","122 SW Demo Ave, Capital City","Central County","Capital City","Facilities Mgmt","field.inspector@<YOUR-TENANT>.onmicrosoft.com","2025-11-12T15:00:00","AI detected trip hazard; vegetation obstruction and recommends P2 handling.","trip hazard; vegetation obstruction","High","P2","Dispatch Facilities Mgmt crew to inspect, secure area, and complete repair.","92","Assigned","dispatcher@<YOUR-TENANT>.onmicrosoft.com","agency.manager@<YOUR-TENANT>.onmicrosoft.com","2025-11-12T21:00:00","","","3264","WTR-022",""
"Park Maintenance report 023","FI-00023","Park Maintenance","Field report 23 for Park Maintenance requiring agency review.","https://<YOUR-TENANT>.sharepoint.com/sites/FieldInspectionDemo/SiteAssets/demo/field-issue-23.jpg","44.056300","-123.094000","123 SW Demo Ave, Lakeside","River County","Lakeside","Water Bureau","field.inspector@<YOUR-TENANT>.onmicrosoft.com","2025-11-15T16:00:00","AI detected corrosion; water damage and recommends P3 handling.","corrosion; water damage","Medium","P3","Dispatch Water Bureau crew to inspect, secure area, and complete repair.","93","Resolved","dispatcher@<YOUR-TENANT>.onmicrosoft.com","agency.manager@<YOUR-TENANT>.onmicrosoft.com","2025-11-15T22:00:00","2025-11-21T16:00:00","Repair completed and verified.","3401","PARK-023",""
"Building Inspection report 024","FI-00024","Building Inspection","Field report 24 for Building Inspection requiring agency review.","https://<YOUR-TENANT>.sharepoint.com/sites/FieldInspectionDemo/SiteAssets/demo/field-issue-24.jpg","44.064500","-121.324900","124 SW Demo Ave, Summit","Mountain County","Summit","ODOT","field.inspector@<YOUR-TENANT>.onmicrosoft.com","2025-11-18T09:00:00","AI detected graffiti; structural damage and recommends P4 handling.","graffiti; structural damage","Low","P4","Dispatch ODOT crew to inspect, secure area, and complete repair.","94","Rejected","dispatcher@<YOUR-TENANT>.onmicrosoft.com","","","","","3538","BLDG-024",""
"Facilities report 025","FI-00025","Facilities","Field report 25 for Facilities requiring agency review.","https://<YOUR-TENANT>.sharepoint.com/sites/FieldInspectionDemo/SiteAssets/demo/field-issue-25.jpg","45.523600","-122.678400","125 SW Demo Ave, Metro City","North County","Metro City","Parks & Rec","field.inspector@<YOUR-TENANT>.onmicrosoft.com","2025-11-21T10:00:00","AI detected vegetation obstruction; standing water and recommends P4 handling.","vegetation obstruction; standing water","Low","P4","Dispatch Parks & Rec crew to inspect, secure area, and complete repair.","70","Resolved","dispatcher@<YOUR-TENANT>.onmicrosoft.com","agency.manager@<YOUR-TENANT>.onmicrosoft.com","2025-11-21T16:00:00","2025-11-29T10:00:00","Repair completed and verified.","3675","FAC-025",""
"Road Sign report 026","FI-00026","Road Sign","Field report 26 for Road Sign requiring agency review.","https://<YOUR-TENANT>.sharepoint.com/sites/FieldInspectionDemo/SiteAssets/demo/field-issue-26.jpg","45.533400","-122.992200","126 SW Demo Ave, Hillview","West County","Hillview","Public Works","field.inspector@<YOUR-TENANT>.onmicrosoft.com","2025-11-24T11:00:00","AI detected water damage; missing hardware and recommends P3 handling.","water damage; missing hardware","Medium","P3","Dispatch Public Works crew to inspect, secure area, and complete repair.","71","Resolved","dispatcher@<YOUR-TENANT>.onmicrosoft.com","agency.manager@<YOUR-TENANT>.onmicrosoft.com","2025-11-24T17:00:00","2025-12-03T11:00:00","Repair completed and verified.","3812","SIGN-026",""
"Water Leak report 027","FI-00027","Water Leak","Field report 27 for Water Leak requiring agency review.","https://<YOUR-TENANT>.sharepoint.com/sites/FieldInspectionDemo/SiteAssets/demo/field-issue-27.jpg","45.369900","-122.611600","127 SW Demo Ave, Riverton","South County","Riverton","Facilities Mgmt","field.inspector@<YOUR-TENANT>.onmicrosoft.com","2025-11-27T12:00:00","AI detected structural damage; trip hazard and recommends P2 handling.","structural damage; trip hazard","High","P2","Dispatch Facilities Mgmt crew to inspect, secure area, and complete repair.","72","In Progress","dispatcher@<YOUR-TENANT>.onmicrosoft.com","agency.manager@<YOUR-TENANT>.onmicrosoft.com","2025-11-27T18:00:00","","","3949","WTR-027",""
"Park Maintenance report 028","FI-00028","Park Maintenance","Field report 28 for Park Maintenance requiring agency review.","https://<YOUR-TENANT>.sharepoint.com/sites/FieldInspectionDemo/SiteAssets/demo/field-issue-28.jpg","44.942900","-123.042300","128 SW Demo Ave, Capital City","Central County","Capital City","Water Bureau","field.inspector@<YOUR-TENANT>.onmicrosoft.com","2025-11-30T13:00:00","AI detected standing water; corrosion and recommends P3 handling.","standing water; corrosion","Medium","P3","Dispatch Water Bureau crew to inspect, secure area, and complete repair.","73","Approved","dispatcher@<YOUR-TENANT>.onmicrosoft.com","agency.manager@<YOUR-TENANT>.onmicrosoft.com","2025-11-30T19:00:00","","","4086","PARK-028",""
"Building Inspection report 029","FI-00029","Building Inspection","Field report 29 for Building Inspection requiring agency review.","https://<YOUR-TENANT>.sharepoint.com/sites/FieldInspectionDemo/SiteAssets/demo/field-issue-29.jpg","44.054200","-123.096400","129 SW Demo Ave, Lakeside","River County","Lakeside","ODOT","field.inspector@<YOUR-TENANT>.onmicrosoft.com","2025-12-03T14:00:00","AI detected missing hardware; graffiti and recommends P4 handling.","missing hardware; graffiti","Low","P4","Dispatch ODOT crew to inspect, secure area, and complete repair.","74","AI Analyzed","dispatcher@<YOUR-TENANT>.onmicrosoft.com","","","","","4223","BLDG-029",""
"Water Leak report 030","FI-00030","Water Leak","Field report 30 for Water Leak requiring agency review.","https://<YOUR-TENANT>.sharepoint.com/sites/FieldInspectionDemo/SiteAssets/demo/field-issue-30.jpg","45.519900","-122.681500","130 SW Demo Ave, Metro City","North County","Metro City","Water Bureau","field.inspector@<YOUR-TENANT>.onmicrosoft.com","2025-12-06T15:00:00","AI detected trip hazard; vegetation obstruction and recommends P2 handling.","trip hazard; vegetation obstruction","High","P2","Dispatch Water Bureau crew to inspect, secure area, and complete repair.","75","Assigned","dispatcher@<YOUR-TENANT>.onmicrosoft.com","agency.manager@<YOUR-TENANT>.onmicrosoft.com","2025-12-06T21:00:00","","","4360","WTR-007",""
"Road Sign report 031","FI-00031","Road Sign","Field report 31 for Road Sign requiring agency review.","https://<YOUR-TENANT>.sharepoint.com/sites/FieldInspectionDemo/SiteAssets/demo/field-issue-31.jpg","45.521500","-122.680800","131 SW Demo Ave, Metro City","North County","Metro City","Public Works","field.inspector@<YOUR-TENANT>.onmicrosoft.com","2025-12-09T16:00:00","AI detected corrosion; water damage and recommends P3 handling.","corrosion; water damage","Medium","P3","Dispatch Public Works crew to inspect, secure area, and complete repair.","76","Resolved","dispatcher@<YOUR-TENANT>.onmicrosoft.com","agency.manager@<YOUR-TENANT>.onmicrosoft.com","2025-12-09T22:00:00","2025-12-14T16:00:00","Repair completed and verified.","4497","SIGN-031",""
"Water Leak report 032","FI-00032","Water Leak","Field report 32 for Water Leak requiring agency review.","https://<YOUR-TENANT>.sharepoint.com/sites/FieldInspectionDemo/SiteAssets/demo/field-issue-32.jpg","45.531300","-122.994600","132 SW Demo Ave, Hillview","West County","Hillview","Facilities Mgmt","field.inspector@<YOUR-TENANT>.onmicrosoft.com","2025-12-12T09:00:00","AI detected graffiti; structural damage and recommends P4 handling.","graffiti; structural damage","Low","P4","Dispatch Facilities Mgmt crew to inspect, secure area, and complete repair.","77","Rejected","dispatcher@<YOUR-TENANT>.onmicrosoft.com","","","","","4634","WTR-032",""
"Park Maintenance report 033","FI-00033","Park Maintenance","Field report 33 for Park Maintenance requiring agency review.","https://<YOUR-TENANT>.sharepoint.com/sites/FieldInspectionDemo/SiteAssets/demo/field-issue-33.jpg","45.367800","-122.614000","133 SW Demo Ave, Riverton","South County","Riverton","Water Bureau","field.inspector@<YOUR-TENANT>.onmicrosoft.com","2025-12-15T10:00:00","AI detected vegetation obstruction; standing water and recommends P4 handling.","vegetation obstruction; standing water","Low","P4","Dispatch Water Bureau crew to inspect, secure area, and complete repair.","78","Resolved","dispatcher@<YOUR-TENANT>.onmicrosoft.com","agency.manager@<YOUR-TENANT>.onmicrosoft.com","2025-12-15T16:00:00","2025-12-22T10:00:00","Repair completed and verified.","4771","PARK-033",""
"Building Inspection report 034","FI-00034","Building Inspection","Field report 34 for Building Inspection requiring agency review.","https://<YOUR-TENANT>.sharepoint.com/sites/FieldInspectionDemo/SiteAssets/demo/field-issue-34.jpg","44.955500","-123.044700","134 SW Demo Ave, Capital City","Central County","Capital City","ODOT","field.inspector@<YOUR-TENANT>.onmicrosoft.com","2025-12-18T11:00:00","AI detected water damage; missing hardware and recommends P3 handling.","water damage; missing hardware","Medium","P3","Dispatch ODOT crew to inspect, secure area, and complete repair.","79","Resolved","dispatcher@<YOUR-TENANT>.onmicrosoft.com","agency.manager@<YOUR-TENANT>.onmicrosoft.com","2025-12-18T17:00:00","2025-12-26T11:00:00","Repair completed and verified.","4908","BLDG-034",""
"Road Sign report 035","FI-00035","Road Sign","Field report 35 for Road Sign requiring agency review.","https://<YOUR-TENANT>.sharepoint.com/sites/FieldInspectionDemo/SiteAssets/demo/field-issue-35.jpg","45.357300","-122.609200","135 SW Demo Ave, Riverton","South County","Riverton","ODOT","field.inspector@<YOUR-TENANT>.onmicrosoft.com","2025-12-21T12:00:00","AI detected structural damage; trip hazard and recommends P2 handling.","structural damage; trip hazard","High","P2","Dispatch ODOT crew to inspect, secure area, and complete repair.","80","In Progress","dispatcher@<YOUR-TENANT>.onmicrosoft.com","agency.manager@<YOUR-TENANT>.onmicrosoft.com","2025-12-21T18:00:00","","","5045","SIGN-021",""
"Road Sign report 036","FI-00036","Road Sign","Field report 36 for Road Sign requiring agency review.","https://<YOUR-TENANT>.sharepoint.com/sites/FieldInspectionDemo/SiteAssets/demo/field-issue-36.jpg","44.060300","-121.317700","136 SW Demo Ave, Summit","Mountain County","Summit","Public Works","field.inspector@<YOUR-TENANT>.onmicrosoft.com","2025-12-24T13:00:00","AI detected standing water; corrosion and recommends P3 handling.","standing water; corrosion","Medium","P3","Dispatch Public Works crew to inspect, secure area, and complete repair.","81","Approved","dispatcher@<YOUR-TENANT>.onmicrosoft.com","agency.manager@<YOUR-TENANT>.onmicrosoft.com","2025-12-24T19:00:00","","","5182","SIGN-036",""
"Water Leak report 037","FI-00037","Water Leak","Field report 37 for Water Leak requiring agency review.","https://<YOUR-TENANT>.sharepoint.com/sites/FieldInspectionDemo/SiteAssets/demo/field-issue-37.jpg","45.519400","-122.683200","137 SW Demo Ave, Metro City","North County","Metro City","Facilities Mgmt","field.inspector@<YOUR-TENANT>.onmicrosoft.com","2025-12-27T14:00:00","AI detected missing hardware; graffiti and recommends P4 handling.","missing hardware; graffiti","Low","P4","Dispatch Facilities Mgmt crew to inspect, secure area, and complete repair.","82","AI Analyzed","dispatcher@<YOUR-TENANT>.onmicrosoft.com","","","","","5319","WTR-037",""
"Park Maintenance report 038","FI-00038","Park Maintenance","Field report 38 for Park Maintenance requiring agency review.","https://<YOUR-TENANT>.sharepoint.com/sites/FieldInspectionDemo/SiteAssets/demo/field-issue-38.jpg","45.529200","-122.997000","138 SW Demo Ave, Hillview","West County","Hillview","Water Bureau","field.inspector@<YOUR-TENANT>.onmicrosoft.com","2025-12-30T15:00:00","AI detected trip hazard; vegetation obstruction and recommends P2 handling.","trip hazard; vegetation obstruction","High","P2","Dispatch Water Bureau crew to inspect, secure area, and complete repair.","83","Assigned","dispatcher@<YOUR-TENANT>.onmicrosoft.com","agency.manager@<YOUR-TENANT>.onmicrosoft.com","2025-12-30T21:00:00","","","5456","PARK-038",""
"Building Inspection report 039","FI-00039","Building Inspection","Field report 39 for Building Inspection requiring agency review.","https://<YOUR-TENANT>.sharepoint.com/sites/FieldInspectionDemo/SiteAssets/demo/field-issue-39.jpg","45.365700","-122.616400","139 SW Demo Ave, Riverton","South County","Riverton","ODOT","field.inspector@<YOUR-TENANT>.onmicrosoft.com","2026-01-02T16:00:00","AI detected corrosion; water damage and recommends P3 handling.","corrosion; water damage","Medium","P3","Dispatch ODOT crew to inspect, secure area, and complete repair.","84","Resolved","dispatcher@<YOUR-TENANT>.onmicrosoft.com","agency.manager@<YOUR-TENANT>.onmicrosoft.com","2026-01-02T22:00:00","2026-01-06T16:00:00","Repair completed and verified.","5593","BLDG-039",""
"Facilities report 040","FI-00040","Facilities","Field report 40 for Facilities requiring agency review.","https://<YOUR-TENANT>.sharepoint.com/sites/FieldInspectionDemo/SiteAssets/demo/field-issue-40.jpg","44.953400","-123.035100","140 SW Demo Ave, Capital City","Central County","Capital City","Parks & Rec","field.inspector@<YOUR-TENANT>.onmicrosoft.com","2026-01-05T09:00:00","AI detected graffiti; structural damage and recommends P4 handling.","graffiti; structural damage","Low","P4","Dispatch Parks & Rec crew to inspect, secure area, and complete repair.","85","Rejected","dispatcher@<YOUR-TENANT>.onmicrosoft.com","","","","","5730","FAC-040",""
"Road Sign report 041","FI-00041","Road Sign","Field report 41 for Road Sign requiring agency review.","https://<YOUR-TENANT>.sharepoint.com/sites/FieldInspectionDemo/SiteAssets/demo/field-issue-41.jpg","45.517300","-122.680800","141 SW Demo Ave, Metro City","North County","Metro City","Public Works","field.inspector@<YOUR-TENANT>.onmicrosoft.com","2026-01-08T10:00:00","AI detected vegetation obstruction; standing water and recommends P4 handling.","vegetation obstruction; standing water","Low","P4","Dispatch Public Works crew to inspect, secure area, and complete repair.","86","Resolved","dispatcher@<YOUR-TENANT>.onmicrosoft.com","agency.manager@<YOUR-TENANT>.onmicrosoft.com","2026-01-08T16:00:00","2026-01-14T10:00:00","Repair completed and verified.","5867","SIGN-001",""
"Water Leak report 042","FI-00042","Water Leak","Field report 42 for Water Leak requiring agency review.","https://<YOUR-TENANT>.sharepoint.com/sites/FieldInspectionDemo/SiteAssets/demo/field-issue-42.jpg","45.527100","-122.994600","142 SW Demo Ave, Hillview","West County","Hillview","Facilities Mgmt","field.inspector@<YOUR-TENANT>.onmicrosoft.com","2026-01-11T11:00:00","AI detected water damage; missing hardware and recommends P1 handling.","water damage; missing hardware","Critical","P1","Dispatch Facilities Mgmt crew to inspect, secure area, and complete repair.","87","Resolved","dispatcher@<YOUR-TENANT>.onmicrosoft.com","agency.manager@<YOUR-TENANT>.onmicrosoft.com","2026-01-11T17:00:00","2026-01-18T11:00:00","Repair completed and verified.","6004","WTR-002",""
"Park Maintenance report 043","FI-00043","Park Maintenance","Field report 43 for Park Maintenance requiring agency review.","https://<YOUR-TENANT>.sharepoint.com/sites/FieldInspectionDemo/SiteAssets/demo/field-issue-43.jpg","45.363600","-122.614000","143 SW Demo Ave, Riverton","South County","Riverton","Water Bureau","field.inspector@<YOUR-TENANT>.onmicrosoft.com","2026-01-14T12:00:00","AI detected structural damage; trip hazard and recommends P2 handling.","structural damage; trip hazard","High","P2","Dispatch Water Bureau crew to inspect, secure area, and complete repair.","88","In Progress","dispatcher@<YOUR-TENANT>.onmicrosoft.com","agency.manager@<YOUR-TENANT>.onmicrosoft.com","2026-01-14T18:00:00","","","6141","PARK-003",""
"Building Inspection report 044","FI-00044","Building Inspection","Field report 44 for Building Inspection requiring agency review.","https://<YOUR-TENANT>.sharepoint.com/sites/FieldInspectionDemo/SiteAssets/demo/field-issue-44.jpg","44.951300","-123.044700","144 SW Demo Ave, Capital City","Central County","Capital City","ODOT","field.inspector@<YOUR-TENANT>.onmicrosoft.com","2026-01-17T13:00:00","AI detected standing water; corrosion and recommends P3 handling.","standing water; corrosion","Medium","P3","Dispatch ODOT crew to inspect, secure area, and complete repair.","89","Approved","dispatcher@<YOUR-TENANT>.onmicrosoft.com","agency.manager@<YOUR-TENANT>.onmicrosoft.com","2026-01-17T19:00:00","","","6278","BLDG-004",""
"Road Sign report 045","FI-00045","Road Sign","Field report 45 for Road Sign requiring agency review.","https://<YOUR-TENANT>.sharepoint.com/sites/FieldInspectionDemo/SiteAssets/demo/field-issue-45.jpg","44.060500","-123.089200","145 SW Demo Ave, Lakeside","River County","Lakeside","ODOT","field.inspector@<YOUR-TENANT>.onmicrosoft.com","2026-01-20T14:00:00","AI detected missing hardware; graffiti and recommends P4 handling.","missing hardware; graffiti","Low","P4","Dispatch ODOT crew to inspect, secure area, and complete repair.","90","AI Analyzed","dispatcher@<YOUR-TENANT>.onmicrosoft.com","","","","","6415","SIGN-011",""
"Road Sign report 046","FI-00046","Road Sign","Field report 46 for Road Sign requiring agency review.","https://<YOUR-TENANT>.sharepoint.com/sites/FieldInspectionDemo/SiteAssets/demo/field-issue-46.jpg","44.070800","-121.317700","146 SW Demo Ave, Summit","Mountain County","Summit","Public Works","field.inspector@<YOUR-TENANT>.onmicrosoft.com","2026-01-23T15:00:00","AI detected trip hazard; vegetation obstruction and recommends P2 handling.","trip hazard; vegetation obstruction","High","P2","Dispatch Public Works crew to inspect, secure area, and complete repair.","91","Assigned","dispatcher@<YOUR-TENANT>.onmicrosoft.com","agency.manager@<YOUR-TENANT>.onmicrosoft.com","2026-01-23T21:00:00","","","6552","SIGN-006",""
"Water Leak report 047","FI-00047","Water Leak","Field report 47 for Water Leak requiring agency review.","https://<YOUR-TENANT>.sharepoint.com/sites/FieldInspectionDemo/SiteAssets/demo/field-issue-47.jpg","45.515200","-122.683200","147 SW Demo Ave, Metro City","North County","Metro City","Facilities Mgmt","field.inspector@<YOUR-TENANT>.onmicrosoft.com","2026-01-26T16:00:00","AI detected corrosion; water damage and recommends P3 handling.","corrosion; water damage","Medium","P3","Dispatch Facilities Mgmt crew to inspect, secure area, and complete repair.","92","Resolved","dispatcher@<YOUR-TENANT>.onmicrosoft.com","agency.manager@<YOUR-TENANT>.onmicrosoft.com","2026-01-26T22:00:00","2026-01-29T16:00:00","Repair completed and verified.","6689","WTR-007",""
"Park Maintenance report 048","FI-00048","Park Maintenance","Field report 48 for Park Maintenance requiring agency review.","https://<YOUR-TENANT>.sharepoint.com/sites/FieldInspectionDemo/SiteAssets/demo/field-issue-48.jpg","45.525000","-122.997000","148 SW Demo Ave, Hillview","West County","Hillview","Water Bureau","field.inspector@<YOUR-TENANT>.onmicrosoft.com","2026-01-29T09:00:00","AI detected graffiti; structural damage and recommends P4 handling.","graffiti; structural damage","Low","P4","Dispatch Water Bureau crew to inspect, secure area, and complete repair.","93","Rejected","dispatcher@<YOUR-TENANT>.onmicrosoft.com","","","","","6826","PARK-008",""
"Building Inspection report 049","FI-00049","Building Inspection","Field report 49 for Building Inspection requiring agency review.","https://<YOUR-TENANT>.sharepoint.com/sites/FieldInspectionDemo/SiteAssets/demo/field-issue-49.jpg","45.361500","-122.616400","149 SW Demo Ave, Riverton","South County","Riverton","ODOT","field.inspector@<YOUR-TENANT>.onmicrosoft.com","2026-02-01T10:00:00","AI detected vegetation obstruction; standing water and recommends P4 handling.","vegetation obstruction; standing water","Low","P4","Dispatch ODOT crew to inspect, secure area, and complete repair.","94","Resolved","dispatcher@<YOUR-TENANT>.onmicrosoft.com","agency.manager@<YOUR-TENANT>.onmicrosoft.com","2026-02-01T16:00:00","2026-02-06T10:00:00","Repair completed and verified.","6963","BLDG-009",""
"Facilities report 050","FI-00050","Road Sign","Field report 50 for Facilities requiring agency review.","https://<YOUR-TENANT>.sharepoint.com/sites/FieldInspectionDemo/SiteAssets/demo/field-issue-50.jpg","45.517300","-122.680800","SIGN-001 recurring Metro City corridor, Metro City","North County","Metro City","ODOT","field.inspector@<YOUR-TENANT>.onmicrosoft.com","2026-02-04T11:00:00","AI detected water damage; missing hardware and recommends P3 handling.","water damage; missing hardware","Medium","P3","Dispatch ODOT crew to inspect, secure area, and complete repair.","70","Resolved","dispatcher@<YOUR-TENANT>.onmicrosoft.com","agency.manager@<YOUR-TENANT>.onmicrosoft.com","2026-02-04T17:00:00","2026-02-10T11:00:00","Repair completed and verified.","7100","SIGN-001",""
"Road Sign report 051","FI-00051","Road Sign","Field report 51 for Road Sign requiring agency review.","https://<YOUR-TENANT>.sharepoint.com/sites/FieldInspectionDemo/SiteAssets/demo/field-issue-51.jpg","44.060500","-123.089200","151 SW Demo Ave, Lakeside","River County","Lakeside","Public Works","field.inspector@<YOUR-TENANT>.onmicrosoft.com","2026-02-07T12:00:00","AI detected structural damage; trip hazard and recommends P2 handling.","structural damage; trip hazard","High","P2","Dispatch Public Works crew to inspect, secure area, and complete repair.","71","In Progress","dispatcher@<YOUR-TENANT>.onmicrosoft.com","agency.manager@<YOUR-TENANT>.onmicrosoft.com","2026-02-07T18:00:00","","","7237","SIGN-011",""
"Water Leak report 052","FI-00052","Water Leak","Field report 52 for Water Leak requiring agency review.","https://<YOUR-TENANT>.sharepoint.com/sites/FieldInspectionDemo/SiteAssets/demo/field-issue-52.jpg","44.068700","-121.320100","152 SW Demo Ave, Summit","Mountain County","Summit","Facilities Mgmt","field.inspector@<YOUR-TENANT>.onmicrosoft.com","2026-02-10T13:00:00","AI detected standing water; corrosion and recommends P3 handling.","standing water; corrosion","Medium","P3","Dispatch Facilities Mgmt crew to inspect, secure area, and complete repair.","72","Approved","dispatcher@<YOUR-TENANT>.onmicrosoft.com","agency.manager@<YOUR-TENANT>.onmicrosoft.com","2026-02-10T19:00:00","","","7374","WTR-012",""
"Park Maintenance report 053","FI-00053","Park Maintenance","Field report 53 for Park Maintenance requiring agency review.","https://<YOUR-TENANT>.sharepoint.com/sites/FieldInspectionDemo/SiteAssets/demo/field-issue-53.jpg","45.527800","-122.685600","153 SW Demo Ave, Metro City","North County","Metro City","Water Bureau","field.inspector@<YOUR-TENANT>.onmicrosoft.com","2026-02-13T14:00:00","AI detected missing hardware; graffiti and recommends P4 handling.","missing hardware; graffiti","Low","P4","Dispatch Water Bureau crew to inspect, secure area, and complete repair.","73","AI Analyzed","dispatcher@<YOUR-TENANT>.onmicrosoft.com","","","","","7511","PARK-013",""
"Building Inspection report 054","FI-00054","Building Inspection","Field report 54 for Building Inspection requiring agency review.","https://<YOUR-TENANT>.sharepoint.com/sites/FieldInspectionDemo/SiteAssets/demo/field-issue-54.jpg","45.522900","-122.999400","154 SW Demo Ave, Hillview","West County","Hillview","ODOT","field.inspector@<YOUR-TENANT>.onmicrosoft.com","2026-02-16T15:00:00","AI detected trip hazard; vegetation obstruction and recommends P2 handling.","trip hazard; vegetation obstruction","High","P2","Dispatch ODOT crew to inspect, secure area, and complete repair.","74","Assigned","dispatcher@<YOUR-TENANT>.onmicrosoft.com","agency.manager@<YOUR-TENANT>.onmicrosoft.com","2026-02-16T21:00:00","","","7648","BLDG-014",""
"Park Maintenance report 055","FI-00055","Park Maintenance","Field report 55 for Park Maintenance requiring agency review.","https://<YOUR-TENANT>.sharepoint.com/sites/FieldInspectionDemo/SiteAssets/demo/field-issue-55.jpg","45.516800","-122.676900","155 SW Demo Ave, Metro City","North County","Metro City","Parks & Rec","field.inspector@<YOUR-TENANT>.onmicrosoft.com","2026-02-19T16:00:00","AI detected corrosion; water damage and recommends P3 handling.","corrosion; water damage","Medium","P3","Dispatch Parks & Rec crew to inspect, secure area, and complete repair.","75","Resolved","dispatcher@<YOUR-TENANT>.onmicrosoft.com","agency.manager@<YOUR-TENANT>.onmicrosoft.com","2026-02-19T22:00:00","2026-02-21T16:00:00","Repair completed and verified.","7785","PARK-013","FI-00020"
"Road Sign report 056","FI-00056","Road Sign","Field report 56 for Road Sign requiring agency review.","https://<YOUR-TENANT>.sharepoint.com/sites/FieldInspectionDemo/SiteAssets/demo/field-issue-56.jpg","44.947100","-123.037500","156 SW Demo Ave, Capital City","Central County","Capital City","Public Works","field.inspector@<YOUR-TENANT>.onmicrosoft.com","2026-02-22T09:00:00","AI detected graffiti; structural damage and recommends P4 handling.","graffiti; structural damage","Low","P4","Dispatch Public Works crew to inspect, secure area, and complete repair.","76","Rejected","dispatcher@<YOUR-TENANT>.onmicrosoft.com","","","","","7922","SIGN-016",""
"Water Leak report 057","FI-00057","Water Leak","Field report 57 for Water Leak requiring agency review.","https://<YOUR-TENANT>.sharepoint.com/sites/FieldInspectionDemo/SiteAssets/demo/field-issue-57.jpg","44.058400","-123.091600","157 SW Demo Ave, Lakeside","River County","Lakeside","Facilities Mgmt","field.inspector@<YOUR-TENANT>.onmicrosoft.com","2026-02-25T10:00:00","AI detected vegetation obstruction; standing water and recommends P4 handling.","vegetation obstruction; standing water","Low","P4","Dispatch Facilities Mgmt crew to inspect, secure area, and complete repair.","77","Resolved","dispatcher@<YOUR-TENANT>.onmicrosoft.com","agency.manager@<YOUR-TENANT>.onmicrosoft.com","2026-02-25T16:00:00","2026-03-01T10:00:00","Repair completed and verified.","8059","WTR-017",""
"Park Maintenance report 058","FI-00058","Park Maintenance","Field report 58 for Park Maintenance requiring agency review.","https://<YOUR-TENANT>.sharepoint.com/sites/FieldInspectionDemo/SiteAssets/demo/field-issue-58.jpg","44.066600","-121.322500","158 SW Demo Ave, Summit","Mountain County","Summit","Water Bureau","field.inspector@<YOUR-TENANT>.onmicrosoft.com","2026-02-28T11:00:00","AI detected water damage; missing hardware and recommends P3 handling.","water damage; missing hardware","Medium","P3","Dispatch Water Bureau crew to inspect, secure area, and complete repair.","78","Resolved","dispatcher@<YOUR-TENANT>.onmicrosoft.com","agency.manager@<YOUR-TENANT>.onmicrosoft.com","2026-02-28T17:00:00","2026-03-05T11:00:00","Repair completed and verified.","8196","PARK-018",""
"Building Inspection report 059","FI-00059","Building Inspection","Field report 59 for Building Inspection requiring agency review.","https://<YOUR-TENANT>.sharepoint.com/sites/FieldInspectionDemo/SiteAssets/demo/field-issue-59.jpg","45.525700","-122.688000","159 SW Demo Ave, Metro City","North County","Metro City","ODOT","field.inspector@<YOUR-TENANT>.onmicrosoft.com","2026-03-03T12:00:00","AI detected structural damage; trip hazard and recommends P2 handling.","structural damage; trip hazard","High","P2","Dispatch ODOT crew to inspect, secure area, and complete repair.","79","In Progress","dispatcher@<YOUR-TENANT>.onmicrosoft.com","agency.manager@<YOUR-TENANT>.onmicrosoft.com","2026-03-03T18:00:00","","","8333","BLDG-019",""
"Water Leak report 060","FI-00060","Water Leak","Field report 60 for Water Leak requiring agency review.","https://<YOUR-TENANT>.sharepoint.com/sites/FieldInspectionDemo/SiteAssets/demo/field-issue-60.jpg","45.519900","-122.681500","160 SW Demo Ave, Metro City","North County","Metro City","Water Bureau","field.inspector@<YOUR-TENANT>.onmicrosoft.com","2026-03-06T13:00:00","AI detected standing water; corrosion and recommends P3 handling.","standing water; corrosion","Medium","P3","Dispatch Water Bureau crew to inspect, secure area, and complete repair.","80","Approved","dispatcher@<YOUR-TENANT>.onmicrosoft.com","agency.manager@<YOUR-TENANT>.onmicrosoft.com","2026-03-06T19:00:00","","","8470","WTR-007","FI-00030"
"Road Sign report 061","FI-00061","Road Sign","Field report 61 for Road Sign requiring agency review.","https://<YOUR-TENANT>.sharepoint.com/sites/FieldInspectionDemo/SiteAssets/demo/field-issue-61.jpg","45.357300","-122.609200","161 SW Demo Ave, Riverton","South County","Riverton","Public Works","field.inspector@<YOUR-TENANT>.onmicrosoft.com","2026-03-09T14:00:00","AI detected missing hardware; graffiti and recommends P4 handling.","missing hardware; graffiti","Low","P4","Dispatch Public Works crew to inspect, secure area, and complete repair.","81","AI Analyzed","dispatcher@<YOUR-TENANT>.onmicrosoft.com","","","","","8607","SIGN-021",""
"Water Leak report 062","FI-00062","Water Leak","Field report 62 for Water Leak requiring agency review.","https://<YOUR-TENANT>.sharepoint.com/sites/FieldInspectionDemo/SiteAssets/demo/field-issue-62.jpg","44.945000","-123.039900","162 SW Demo Ave, Capital City","Central County","Capital City","Facilities Mgmt","field.inspector@<YOUR-TENANT>.onmicrosoft.com","2026-03-12T15:00:00","AI detected trip hazard; vegetation obstruction and recommends P2 handling.","trip hazard; vegetation obstruction","High","P2","Dispatch Facilities Mgmt crew to inspect, secure area, and complete repair.","82","Assigned","dispatcher@<YOUR-TENANT>.onmicrosoft.com","agency.manager@<YOUR-TENANT>.onmicrosoft.com","2026-03-12T21:00:00","","","8744","WTR-022",""
"Park Maintenance report 063","FI-00063","Park Maintenance","Field report 63 for Park Maintenance requiring agency review.","https://<YOUR-TENANT>.sharepoint.com/sites/FieldInspectionDemo/SiteAssets/demo/field-issue-63.jpg","44.056300","-123.094000","163 SW Demo Ave, Lakeside","River County","Lakeside","Water Bureau","field.inspector@<YOUR-TENANT>.onmicrosoft.com","2026-03-15T16:00:00","AI detected corrosion; water damage and recommends P3 handling.","corrosion; water damage","Medium","P3","Dispatch Water Bureau crew to inspect, secure area, and complete repair.","83","Resolved","dispatcher@<YOUR-TENANT>.onmicrosoft.com","agency.manager@<YOUR-TENANT>.onmicrosoft.com","2026-03-15T22:00:00","2026-03-16T16:00:00","Repair completed and verified.","8881","PARK-023",""
"Building Inspection report 064","FI-00064","Building Inspection","Field report 64 for Building Inspection requiring agency review.","https://<YOUR-TENANT>.sharepoint.com/sites/FieldInspectionDemo/SiteAssets/demo/field-issue-64.jpg","44.064500","-121.324900","164 SW Demo Ave, Summit","Mountain County","Summit","ODOT","field.inspector@<YOUR-TENANT>.onmicrosoft.com","2026-03-18T09:00:00","AI detected graffiti; structural damage and recommends P4 handling.","graffiti; structural damage","Low","P4","Dispatch ODOT crew to inspect, secure area, and complete repair.","84","Rejected","dispatcher@<YOUR-TENANT>.onmicrosoft.com","","","","","9018","BLDG-024",""
"Facilities report 065","FI-00065","Facilities","Field report 65 for Facilities requiring agency review.","https://<YOUR-TENANT>.sharepoint.com/sites/FieldInspectionDemo/SiteAssets/demo/field-issue-65.jpg","45.523600","-122.678400","165 SW Demo Ave, Metro City","North County","Metro City","Parks & Rec","field.inspector@<YOUR-TENANT>.onmicrosoft.com","2026-03-21T10:00:00","AI detected vegetation obstruction; standing water and recommends P4 handling.","vegetation obstruction; standing water","Low","P4","Dispatch Parks & Rec crew to inspect, secure area, and complete repair.","85","Resolved","dispatcher@<YOUR-TENANT>.onmicrosoft.com","agency.manager@<YOUR-TENANT>.onmicrosoft.com","2026-03-21T16:00:00","2026-03-24T10:00:00","Repair completed and verified.","9155","FAC-025",""
"Road Sign report 066","FI-00066","Road Sign","Field report 66 for Road Sign requiring agency review.","https://<YOUR-TENANT>.sharepoint.com/sites/FieldInspectionDemo/SiteAssets/demo/field-issue-66.jpg","45.533400","-122.992200","166 SW Demo Ave, Hillview","West County","Hillview","Public Works","field.inspector@<YOUR-TENANT>.onmicrosoft.com","2026-03-24T11:00:00","AI detected water damage; missing hardware and recommends P3 handling.","water damage; missing hardware","Medium","P3","Dispatch Public Works crew to inspect, secure area, and complete repair.","86","Resolved","dispatcher@<YOUR-TENANT>.onmicrosoft.com","agency.manager@<YOUR-TENANT>.onmicrosoft.com","2026-03-24T17:00:00","2026-03-28T11:00:00","Repair completed and verified.","9292","SIGN-026",""
"Water Leak report 067","FI-00067","Water Leak","Field report 67 for Water Leak requiring agency review.","https://<YOUR-TENANT>.sharepoint.com/sites/FieldInspectionDemo/SiteAssets/demo/field-issue-67.jpg","45.369900","-122.611600","167 SW Demo Ave, Riverton","South County","Riverton","Facilities Mgmt","field.inspector@<YOUR-TENANT>.onmicrosoft.com","2026-03-27T12:00:00","AI detected structural damage; trip hazard and recommends P2 handling.","structural damage; trip hazard","High","P2","Dispatch Facilities Mgmt crew to inspect, secure area, and complete repair.","87","In Progress","dispatcher@<YOUR-TENANT>.onmicrosoft.com","agency.manager@<YOUR-TENANT>.onmicrosoft.com","2026-03-27T18:00:00","","","9429","WTR-027",""
"Park Maintenance report 068","FI-00068","Park Maintenance","Field report 68 for Park Maintenance requiring agency review.","https://<YOUR-TENANT>.sharepoint.com/sites/FieldInspectionDemo/SiteAssets/demo/field-issue-68.jpg","44.942900","-123.042300","168 SW Demo Ave, Capital City","Central County","Capital City","Water Bureau","field.inspector@<YOUR-TENANT>.onmicrosoft.com","2026-03-30T13:00:00","AI detected standing water; corrosion and recommends P3 handling.","standing water; corrosion","Medium","P3","Dispatch Water Bureau crew to inspect, secure area, and complete repair.","88","Approved","dispatcher@<YOUR-TENANT>.onmicrosoft.com","agency.manager@<YOUR-TENANT>.onmicrosoft.com","2026-03-30T19:00:00","","","9566","PARK-028",""
"Building Inspection report 069","FI-00069","Building Inspection","Field report 69 for Building Inspection requiring agency review.","https://<YOUR-TENANT>.sharepoint.com/sites/FieldInspectionDemo/SiteAssets/demo/field-issue-69.jpg","44.054200","-123.096400","169 SW Demo Ave, Lakeside","River County","Lakeside","ODOT","field.inspector@<YOUR-TENANT>.onmicrosoft.com","2026-04-02T14:00:00","AI detected missing hardware; graffiti and recommends P4 handling.","missing hardware; graffiti","Low","P4","Dispatch ODOT crew to inspect, secure area, and complete repair.","89","AI Analyzed","dispatcher@<YOUR-TENANT>.onmicrosoft.com","","","","","9703","BLDG-029",""
"Road Sign report 070","FI-00070","Road Sign","Field report 70 for Road Sign requiring agency review.","https://<YOUR-TENANT>.sharepoint.com/sites/FieldInspectionDemo/SiteAssets/demo/field-issue-70.jpg","45.357300","-122.609200","170 SW Demo Ave, Riverton","South County","Riverton","ODOT","field.inspector@<YOUR-TENANT>.onmicrosoft.com","2026-04-05T15:00:00","AI detected trip hazard; vegetation obstruction and recommends P2 handling.","trip hazard; vegetation obstruction","High","P2","Dispatch ODOT crew to inspect, secure area, and complete repair.","90","Assigned","dispatcher@<YOUR-TENANT>.onmicrosoft.com","agency.manager@<YOUR-TENANT>.onmicrosoft.com","2026-04-05T21:00:00","","","340","SIGN-021",""
"Road Sign report 071","FI-00071","Road Sign","Field report 71 for Road Sign requiring agency review.","https://<YOUR-TENANT>.sharepoint.com/sites/FieldInspectionDemo/SiteAssets/demo/field-issue-71.jpg","45.521500","-122.680800","171 SW Demo Ave, Metro City","North County","Metro City","Public Works","field.inspector@<YOUR-TENANT>.onmicrosoft.com","2026-04-08T16:00:00","AI detected corrosion; water damage and recommends P3 handling.","corrosion; water damage","Medium","P3","Dispatch Public Works crew to inspect, secure area, and complete repair.","91","Resolved","dispatcher@<YOUR-TENANT>.onmicrosoft.com","agency.manager@<YOUR-TENANT>.onmicrosoft.com","2026-04-08T22:00:00","2026-04-17T16:00:00","Repair completed and verified.","477","SIGN-031",""
"Water Leak report 072","FI-00072","Water Leak","Field report 72 for Water Leak requiring agency review.","https://<YOUR-TENANT>.sharepoint.com/sites/FieldInspectionDemo/SiteAssets/demo/field-issue-72.jpg","45.531300","-122.994600","172 SW Demo Ave, Hillview","West County","Hillview","Facilities Mgmt","field.inspector@<YOUR-TENANT>.onmicrosoft.com","2026-04-11T09:00:00","AI detected graffiti; structural damage and recommends P4 handling.","graffiti; structural damage","Low","P4","Dispatch Facilities Mgmt crew to inspect, secure area, and complete repair.","92","Rejected","dispatcher@<YOUR-TENANT>.onmicrosoft.com","","","","","614","WTR-032",""
"Park Maintenance report 073","FI-00073","Park Maintenance","Field report 73 for Park Maintenance requiring agency review.","https://<YOUR-TENANT>.sharepoint.com/sites/FieldInspectionDemo/SiteAssets/demo/field-issue-73.jpg","45.367800","-122.614000","173 SW Demo Ave, Riverton","South County","Riverton","Water Bureau","field.inspector@<YOUR-TENANT>.onmicrosoft.com","2026-04-14T10:00:00","AI detected vegetation obstruction; standing water and recommends P4 handling.","vegetation obstruction; standing water","Low","P4","Dispatch Water Bureau crew to inspect, secure area, and complete repair.","93","Resolved","dispatcher@<YOUR-TENANT>.onmicrosoft.com","agency.manager@<YOUR-TENANT>.onmicrosoft.com","2026-04-14T16:00:00","2026-04-16T10:00:00","Repair completed and verified.","751","PARK-033",""
"Building Inspection report 074","FI-00074","Building Inspection","Field report 74 for Building Inspection requiring agency review.","https://<YOUR-TENANT>.sharepoint.com/sites/FieldInspectionDemo/SiteAssets/demo/field-issue-74.jpg","44.955500","-123.044700","174 SW Demo Ave, Capital City","Central County","Capital City","ODOT","field.inspector@<YOUR-TENANT>.onmicrosoft.com","2026-04-17T11:00:00","AI detected water damage; missing hardware and recommends P3 handling.","water damage; missing hardware","Medium","P3","Dispatch ODOT crew to inspect, secure area, and complete repair.","94","Resolved","dispatcher@<YOUR-TENANT>.onmicrosoft.com","agency.manager@<YOUR-TENANT>.onmicrosoft.com","2026-04-17T17:00:00","2026-04-20T11:00:00","Repair completed and verified.","888","BLDG-034",""
"Road Sign report 075","FI-00075","Road Sign","Field report 75 for Road Sign requiring agency review.","https://<YOUR-TENANT>.sharepoint.com/sites/FieldInspectionDemo/SiteAssets/demo/field-issue-75.jpg","44.060500","-123.089200","175 SW Demo Ave, Lakeside","River County","Lakeside","ODOT","field.inspector@<YOUR-TENANT>.onmicrosoft.com","2026-04-20T12:00:00","AI detected structural damage; trip hazard and recommends P2 handling.","structural damage; trip hazard","High","P2","Dispatch ODOT crew to inspect, secure area, and complete repair.","70","In Progress","dispatcher@<YOUR-TENANT>.onmicrosoft.com","agency.manager@<YOUR-TENANT>.onmicrosoft.com","2026-04-20T18:00:00","","","1025","SIGN-011",""
"Road Sign report 076","FI-00076","Road Sign","Field report 76 for Road Sign requiring agency review.","https://<YOUR-TENANT>.sharepoint.com/sites/FieldInspectionDemo/SiteAssets/demo/field-issue-76.jpg","44.060300","-121.317700","176 SW Demo Ave, Summit","Mountain County","Summit","Public Works","field.inspector@<YOUR-TENANT>.onmicrosoft.com","2026-04-23T13:00:00","AI detected standing water; corrosion and recommends P3 handling.","standing water; corrosion","Medium","P3","Dispatch Public Works crew to inspect, secure area, and complete repair.","71","Approved","dispatcher@<YOUR-TENANT>.onmicrosoft.com","agency.manager@<YOUR-TENANT>.onmicrosoft.com","2026-04-23T19:00:00","","","1162","SIGN-036",""
"Water Leak report 077","FI-00077","Water Leak","Field report 77 for Water Leak requiring agency review.","https://<YOUR-TENANT>.sharepoint.com/sites/FieldInspectionDemo/SiteAssets/demo/field-issue-77.jpg","45.519400","-122.683200","177 SW Demo Ave, Metro City","North County","Metro City","Facilities Mgmt","field.inspector@<YOUR-TENANT>.onmicrosoft.com","2026-04-26T14:00:00","AI detected missing hardware; graffiti and recommends P4 handling.","missing hardware; graffiti","Low","P4","Dispatch Facilities Mgmt crew to inspect, secure area, and complete repair.","72","AI Analyzed","dispatcher@<YOUR-TENANT>.onmicrosoft.com","","","","","1299","WTR-037",""
"Park Maintenance report 078","FI-00078","Park Maintenance","Field report 78 for Park Maintenance requiring agency review.","https://<YOUR-TENANT>.sharepoint.com/sites/FieldInspectionDemo/SiteAssets/demo/field-issue-78.jpg","45.529200","-122.997000","178 SW Demo Ave, Hillview","West County","Hillview","Water Bureau","field.inspector@<YOUR-TENANT>.onmicrosoft.com","2026-04-29T15:00:00","AI detected trip hazard; vegetation obstruction and recommends P2 handling.","trip hazard; vegetation obstruction","High","P2","Dispatch Water Bureau crew to inspect, secure area, and complete repair.","73","Assigned","dispatcher@<YOUR-TENANT>.onmicrosoft.com","agency.manager@<YOUR-TENANT>.onmicrosoft.com","2026-04-29T21:00:00","","","1436","PARK-038",""
"Building Inspection report 079","FI-00079","Building Inspection","Field report 79 for Building Inspection requiring agency review.","https://<YOUR-TENANT>.sharepoint.com/sites/FieldInspectionDemo/SiteAssets/demo/field-issue-79.jpg","45.365700","-122.616400","179 SW Demo Ave, Riverton","South County","Riverton","ODOT","field.inspector@<YOUR-TENANT>.onmicrosoft.com","2026-05-02T16:00:00","AI detected corrosion; water damage and recommends P3 handling.","corrosion; water damage","Medium","P3","Dispatch ODOT crew to inspect, secure area, and complete repair.","74","Resolved","dispatcher@<YOUR-TENANT>.onmicrosoft.com","agency.manager@<YOUR-TENANT>.onmicrosoft.com","2026-05-02T22:00:00","2026-05-10T16:00:00","Repair completed and verified.","1573","BLDG-039",""
"Facilities report 080","FI-00080","Road Sign","Field report 80 for Facilities requiring agency review.","https://<YOUR-TENANT>.sharepoint.com/sites/FieldInspectionDemo/SiteAssets/demo/field-issue-80.jpg","45.517300","-122.680800","SIGN-001 recurring Metro City corridor, Metro City","North County","Metro City","ODOT","field.inspector@<YOUR-TENANT>.onmicrosoft.com","2026-05-05T09:00:00","AI detected graffiti; structural damage and recommends P4 handling.","graffiti; structural damage","Low","P4","Dispatch ODOT crew to inspect, secure area, and complete repair.","75","Rejected","dispatcher@<YOUR-TENANT>.onmicrosoft.com","","","","","1710","SIGN-001",""
"Road Sign report 081","FI-00081","Road Sign","Field report 81 for Road Sign requiring agency review.","https://<YOUR-TENANT>.sharepoint.com/sites/FieldInspectionDemo/SiteAssets/demo/field-issue-81.jpg","45.517300","-122.680800","181 SW Demo Ave, Metro City","North County","Metro City","Public Works","field.inspector@<YOUR-TENANT>.onmicrosoft.com","2026-05-08T10:00:00","AI detected vegetation obstruction; standing water and recommends P4 handling.","vegetation obstruction; standing water","Low","P4","Dispatch Public Works crew to inspect, secure area, and complete repair.","76","Resolved","dispatcher@<YOUR-TENANT>.onmicrosoft.com","agency.manager@<YOUR-TENANT>.onmicrosoft.com","2026-05-08T16:00:00","2026-05-09T10:00:00","Repair completed and verified.","1847","SIGN-001",""
"Water Leak report 082","FI-00082","Water Leak","Field report 82 for Water Leak requiring agency review.","https://<YOUR-TENANT>.sharepoint.com/sites/FieldInspectionDemo/SiteAssets/demo/field-issue-82.jpg","45.527100","-122.994600","182 SW Demo Ave, Hillview","West County","Hillview","Facilities Mgmt","field.inspector@<YOUR-TENANT>.onmicrosoft.com","2026-05-11T11:00:00","AI detected water damage; missing hardware and recommends P3 handling.","water damage; missing hardware","Medium","P3","Dispatch Facilities Mgmt crew to inspect, secure area, and complete repair.","77","Resolved","dispatcher@<YOUR-TENANT>.onmicrosoft.com","agency.manager@<YOUR-TENANT>.onmicrosoft.com","2026-05-11T17:00:00","2026-05-13T11:00:00","Repair completed and verified.","1984","WTR-002",""
"Park Maintenance report 083","FI-00083","Park Maintenance","Field report 83 for Park Maintenance requiring agency review.","https://<YOUR-TENANT>.sharepoint.com/sites/FieldInspectionDemo/SiteAssets/demo/field-issue-83.jpg","45.363600","-122.614000","183 SW Demo Ave, Riverton","South County","Riverton","Water Bureau","field.inspector@<YOUR-TENANT>.onmicrosoft.com","2026-05-14T12:00:00","AI detected structural damage; trip hazard and recommends P2 handling.","structural damage; trip hazard","High","P2","Dispatch Water Bureau crew to inspect, secure area, and complete repair.","78","In Progress","dispatcher@<YOUR-TENANT>.onmicrosoft.com","agency.manager@<YOUR-TENANT>.onmicrosoft.com","2026-05-14T18:00:00","","","2121","PARK-003",""
"Building Inspection report 084","FI-00084","Building Inspection","Field report 84 for Building Inspection requiring agency review.","https://<YOUR-TENANT>.sharepoint.com/sites/FieldInspectionDemo/SiteAssets/demo/field-issue-84.jpg","44.951300","-123.044700","184 SW Demo Ave, Capital City","Central County","Capital City","ODOT","field.inspector@<YOUR-TENANT>.onmicrosoft.com","2026-05-17T13:00:00","AI detected standing water; corrosion and recommends P3 handling.","standing water; corrosion","Medium","P3","Dispatch ODOT crew to inspect, secure area, and complete repair.","79","Approved","dispatcher@<YOUR-TENANT>.onmicrosoft.com","agency.manager@<YOUR-TENANT>.onmicrosoft.com","2026-05-17T19:00:00","","","2258","BLDG-004",""
"Facilities report 085","FI-00085","Facilities","Field report 85 for Facilities requiring agency review.","https://<YOUR-TENANT>.sharepoint.com/sites/FieldInspectionDemo/SiteAssets/demo/field-issue-85.jpg","44.062600","-123.086800","185 SW Demo Ave, Lakeside","River County","Lakeside","Parks & Rec","field.inspector@<YOUR-TENANT>.onmicrosoft.com","2026-05-20T14:00:00","AI detected missing hardware; graffiti and recommends P4 handling.","missing hardware; graffiti","Low","P4","Dispatch Parks & Rec crew to inspect, secure area, and complete repair.","80","AI Analyzed","dispatcher@<YOUR-TENANT>.onmicrosoft.com","","","","","2395","FAC-005",""
"Road Sign report 086","FI-00086","Road Sign","Field report 86 for Road Sign requiring agency review.","https://<YOUR-TENANT>.sharepoint.com/sites/FieldInspectionDemo/SiteAssets/demo/field-issue-86.jpg","44.070800","-121.317700","186 SW Demo Ave, Summit","Mountain County","Summit","Public Works","field.inspector@<YOUR-TENANT>.onmicrosoft.com","2026-05-23T15:00:00","AI detected trip hazard; vegetation obstruction and recommends P2 handling.","trip hazard; vegetation obstruction","High","P2","Dispatch Public Works crew to inspect, secure area, and complete repair.","81","Assigned","dispatcher@<YOUR-TENANT>.onmicrosoft.com","agency.manager@<YOUR-TENANT>.onmicrosoft.com","2026-05-23T21:00:00","","","2532","SIGN-006",""
"Water Leak report 087","FI-00087","Water Leak","Field report 87 for Water Leak requiring agency review.","https://<YOUR-TENANT>.sharepoint.com/sites/FieldInspectionDemo/SiteAssets/demo/field-issue-87.jpg","45.515200","-122.683200","187 SW Demo Ave, Metro City","North County","Metro City","Facilities Mgmt","field.inspector@<YOUR-TENANT>.onmicrosoft.com","2026-05-26T16:00:00","AI detected corrosion; water damage and recommends P3 handling.","corrosion; water damage","Medium","P3","Dispatch Facilities Mgmt crew to inspect, secure area, and complete repair.","82","Resolved","dispatcher@<YOUR-TENANT>.onmicrosoft.com","agency.manager@<YOUR-TENANT>.onmicrosoft.com","2026-05-26T22:00:00","2026-06-02T16:00:00","Repair completed and verified.","2669","WTR-007",""
"Park Maintenance report 088","FI-00088","Park Maintenance","Field report 88 for Park Maintenance requiring agency review.","https://<YOUR-TENANT>.sharepoint.com/sites/FieldInspectionDemo/SiteAssets/demo/field-issue-88.jpg","45.525000","-122.997000","188 SW Demo Ave, Hillview","West County","Hillview","Water Bureau","field.inspector@<YOUR-TENANT>.onmicrosoft.com","2026-05-29T09:00:00","AI detected graffiti; structural damage and recommends P4 handling.","graffiti; structural damage","Low","P4","Dispatch Water Bureau crew to inspect, secure area, and complete repair.","83","Rejected","dispatcher@<YOUR-TENANT>.onmicrosoft.com","","","","","2806","PARK-008",""
"Building Inspection report 089","FI-00089","Building Inspection","Field report 89 for Building Inspection requiring agency review.","https://<YOUR-TENANT>.sharepoint.com/sites/FieldInspectionDemo/SiteAssets/demo/field-issue-89.jpg","45.361500","-122.616400","189 SW Demo Ave, Riverton","South County","Riverton","ODOT","field.inspector@<YOUR-TENANT>.onmicrosoft.com","2026-06-01T10:00:00","AI detected vegetation obstruction; standing water and recommends P4 handling.","vegetation obstruction; standing water","Low","P4","Dispatch ODOT crew to inspect, secure area, and complete repair.","84","Resolved","dispatcher@<YOUR-TENANT>.onmicrosoft.com","agency.manager@<YOUR-TENANT>.onmicrosoft.com","2026-06-01T16:00:00","2026-06-10T10:00:00","Repair completed and verified.","2943","BLDG-009",""
"Park Maintenance report 090","FI-00090","Park Maintenance","Field report 90 for Park Maintenance requiring agency review.","https://<YOUR-TENANT>.sharepoint.com/sites/FieldInspectionDemo/SiteAssets/demo/field-issue-90.jpg","45.516800","-122.676900","190 SW Demo Ave, Metro City","North County","Metro City","Parks & Rec","field.inspector@<YOUR-TENANT>.onmicrosoft.com","2026-06-04T11:00:00","AI detected water damage; missing hardware and recommends P3 handling.","water damage; missing hardware","Medium","P3","Dispatch Parks & Rec crew to inspect, secure area, and complete repair.","85","Resolved","dispatcher@<YOUR-TENANT>.onmicrosoft.com","agency.manager@<YOUR-TENANT>.onmicrosoft.com","2026-06-04T17:00:00","2026-06-05T11:00:00","Repair completed and verified.","3080","PARK-013","FI-00020"
"Road Sign report 091","FI-00091","Road Sign","Field report 91 for Road Sign requiring agency review.","https://<YOUR-TENANT>.sharepoint.com/sites/FieldInspectionDemo/SiteAssets/demo/field-issue-91.jpg","44.060500","-123.089200","191 SW Demo Ave, Lakeside","River County","Lakeside","Public Works","field.inspector@<YOUR-TENANT>.onmicrosoft.com","2026-06-07T12:00:00","AI detected structural damage; trip hazard and recommends P2 handling.","structural damage; trip hazard","High","P2","Dispatch Public Works crew to inspect, secure area, and complete repair.","86","In Progress","dispatcher@<YOUR-TENANT>.onmicrosoft.com","agency.manager@<YOUR-TENANT>.onmicrosoft.com","2026-06-07T18:00:00","","","3217","SIGN-011",""
"Water Leak report 092","FI-00092","Water Leak","Field report 92 for Water Leak requiring agency review.","https://<YOUR-TENANT>.sharepoint.com/sites/FieldInspectionDemo/SiteAssets/demo/field-issue-92.jpg","44.068700","-121.320100","192 SW Demo Ave, Summit","Mountain County","Summit","Facilities Mgmt","field.inspector@<YOUR-TENANT>.onmicrosoft.com","2026-06-10T13:00:00","AI detected standing water; corrosion and recommends P3 handling.","standing water; corrosion","Medium","P3","Dispatch Facilities Mgmt crew to inspect, secure area, and complete repair.","87","Approved","dispatcher@<YOUR-TENANT>.onmicrosoft.com","agency.manager@<YOUR-TENANT>.onmicrosoft.com","2026-06-10T19:00:00","","","3354","WTR-012",""
"Park Maintenance report 093","FI-00093","Park Maintenance","Field report 93 for Park Maintenance requiring agency review.","https://<YOUR-TENANT>.sharepoint.com/sites/FieldInspectionDemo/SiteAssets/demo/field-issue-93.jpg","45.527800","-122.685600","193 SW Demo Ave, Metro City","North County","Metro City","Water Bureau","field.inspector@<YOUR-TENANT>.onmicrosoft.com","2026-06-13T14:00:00","AI detected missing hardware; graffiti and recommends P4 handling.","missing hardware; graffiti","Low","P4","Dispatch Water Bureau crew to inspect, secure area, and complete repair.","88","AI Analyzed","dispatcher@<YOUR-TENANT>.onmicrosoft.com","","","","","3491","PARK-013",""
"Building Inspection report 094","FI-00094","Building Inspection","Field report 94 for Building Inspection requiring agency review.","https://<YOUR-TENANT>.sharepoint.com/sites/FieldInspectionDemo/SiteAssets/demo/field-issue-94.jpg","45.522900","-122.999400","194 SW Demo Ave, Hillview","West County","Hillview","ODOT","field.inspector@<YOUR-TENANT>.onmicrosoft.com","2026-06-16T15:00:00","AI detected trip hazard; vegetation obstruction and recommends P2 handling.","trip hazard; vegetation obstruction","High","P2","Dispatch ODOT crew to inspect, secure area, and complete repair.","89","Assigned","dispatcher@<YOUR-TENANT>.onmicrosoft.com","agency.manager@<YOUR-TENANT>.onmicrosoft.com","2026-06-16T21:00:00","","","3628","BLDG-014",""
"Facilities report 095","FI-00095","Facilities","Field report 95 for Facilities requiring agency review.","https://<YOUR-TENANT>.sharepoint.com/sites/FieldInspectionDemo/SiteAssets/demo/field-issue-95.jpg","45.359400","-122.606800","195 SW Demo Ave, Riverton","South County","Riverton","Parks & Rec","field.inspector@<YOUR-TENANT>.onmicrosoft.com","2026-06-19T16:00:00","AI detected corrosion; water damage and recommends P3 handling.","corrosion; water damage","Medium","P3","Dispatch Parks & Rec crew to inspect, secure area, and complete repair.","90","Resolved","dispatcher@<YOUR-TENANT>.onmicrosoft.com","agency.manager@<YOUR-TENANT>.onmicrosoft.com","2026-06-19T22:00:00","2026-06-25T16:00:00","Repair completed and verified.","3765","FAC-015",""
"Road Sign report 096","FI-00096","Road Sign","Field report 96 for Road Sign requiring agency review.","https://<YOUR-TENANT>.sharepoint.com/sites/FieldInspectionDemo/SiteAssets/demo/field-issue-96.jpg","44.947100","-123.037500","196 SW Demo Ave, Capital City","Central County","Capital City","Public Works","field.inspector@<YOUR-TENANT>.onmicrosoft.com","2026-06-22T09:00:00","AI detected graffiti; structural damage and recommends P4 handling.","graffiti; structural damage","Low","P4","Dispatch Public Works crew to inspect, secure area, and complete repair.","91","Rejected","dispatcher@<YOUR-TENANT>.onmicrosoft.com","","","","","3902","SIGN-016",""
"Water Leak report 097","FI-00097","Water Leak","Field report 97 for Water Leak requiring agency review.","https://<YOUR-TENANT>.sharepoint.com/sites/FieldInspectionDemo/SiteAssets/demo/field-issue-97.jpg","44.058400","-123.091600","197 SW Demo Ave, Lakeside","River County","Lakeside","Facilities Mgmt","field.inspector@<YOUR-TENANT>.onmicrosoft.com","2026-06-25T10:00:00","AI detected vegetation obstruction; standing water and recommends P4 handling.","vegetation obstruction; standing water","Low","P4","Dispatch Facilities Mgmt crew to inspect, secure area, and complete repair.","92","Resolved","dispatcher@<YOUR-TENANT>.onmicrosoft.com","agency.manager@<YOUR-TENANT>.onmicrosoft.com","2026-06-25T16:00:00","2026-07-03T10:00:00","Repair completed and verified.","4039","WTR-017",""
"Park Maintenance report 098","FI-00098","Park Maintenance","Field report 98 for Park Maintenance requiring agency review.","https://<YOUR-TENANT>.sharepoint.com/sites/FieldInspectionDemo/SiteAssets/demo/field-issue-98.jpg","44.066600","-121.322500","198 SW Demo Ave, Summit","Mountain County","Summit","Water Bureau","field.inspector@<YOUR-TENANT>.onmicrosoft.com","2026-06-28T11:00:00","AI detected water damage; missing hardware and recommends P3 handling.","water damage; missing hardware","Medium","P3","Dispatch Water Bureau crew to inspect, secure area, and complete repair.","93","Resolved","dispatcher@<YOUR-TENANT>.onmicrosoft.com","agency.manager@<YOUR-TENANT>.onmicrosoft.com","2026-06-28T17:00:00","2026-07-07T11:00:00","Repair completed and verified.","4176","PARK-018",""
"Building Inspection report 099","FI-00099","Building Inspection","Field report 99 for Building Inspection requiring agency review.","https://<YOUR-TENANT>.sharepoint.com/sites/FieldInspectionDemo/SiteAssets/demo/field-issue-99.jpg","45.525700","-122.688000","199 SW Demo Ave, Metro City","North County","Metro City","ODOT","field.inspector@<YOUR-TENANT>.onmicrosoft.com","2026-07-01T12:00:00","AI detected structural damage; trip hazard and recommends P2 handling.","structural damage; trip hazard","High","P2","Dispatch ODOT crew to inspect, secure area, and complete repair.","94","In Progress","dispatcher@<YOUR-TENANT>.onmicrosoft.com","agency.manager@<YOUR-TENANT>.onmicrosoft.com","2026-07-01T18:00:00","","","4313","BLDG-019",""
"Water Leak report 100","FI-00100","Water Leak","Field report 100 for Water Leak requiring agency review.","https://<YOUR-TENANT>.sharepoint.com/sites/FieldInspectionDemo/SiteAssets/demo/field-issue-100.jpg","45.519900","-122.681500","200 SW Demo Ave, Metro City","North County","Metro City","Water Bureau","field.inspector@<YOUR-TENANT>.onmicrosoft.com","2026-07-04T13:00:00","AI detected standing water; corrosion and recommends P3 handling.","standing water; corrosion","Medium","P3","Dispatch Water Bureau crew to inspect, secure area, and complete repair.","70","Approved","dispatcher@<YOUR-TENANT>.onmicrosoft.com","agency.manager@<YOUR-TENANT>.onmicrosoft.com","2026-07-04T19:00:00","","","4450","WTR-007","FI-00030"
"Road Sign report 101","FI-00101","Road Sign","Field report 101 for Road Sign requiring agency review.","https://<YOUR-TENANT>.sharepoint.com/sites/FieldInspectionDemo/SiteAssets/demo/field-issue-101.jpg","45.357300","-122.609200","201 SW Demo Ave, Riverton","South County","Riverton","Public Works","field.inspector@<YOUR-TENANT>.onmicrosoft.com","2026-07-07T14:00:00","AI detected missing hardware; graffiti and recommends P4 handling.","missing hardware; graffiti","Low","P4","Dispatch Public Works crew to inspect, secure area, and complete repair.","71","AI Analyzed","dispatcher@<YOUR-TENANT>.onmicrosoft.com","","","","","4587","SIGN-021",""
"Water Leak report 102","FI-00102","Water Leak","Field report 102 for Water Leak requiring agency review.","https://<YOUR-TENANT>.sharepoint.com/sites/FieldInspectionDemo/SiteAssets/demo/field-issue-102.jpg","44.945000","-123.039900","202 SW Demo Ave, Capital City","Central County","Capital City","Facilities Mgmt","field.inspector@<YOUR-TENANT>.onmicrosoft.com","2026-07-10T15:00:00","AI detected trip hazard; vegetation obstruction and recommends P2 handling.","trip hazard; vegetation obstruction","High","P2","Dispatch Facilities Mgmt crew to inspect, secure area, and complete repair.","72","Assigned","dispatcher@<YOUR-TENANT>.onmicrosoft.com","agency.manager@<YOUR-TENANT>.onmicrosoft.com","2026-07-10T21:00:00","","","4724","WTR-022",""
"Park Maintenance report 103","FI-00103","Park Maintenance","Field report 103 for Park Maintenance requiring agency review.","https://<YOUR-TENANT>.sharepoint.com/sites/FieldInspectionDemo/SiteAssets/demo/field-issue-103.jpg","44.056300","-123.094000","203 SW Demo Ave, Lakeside","River County","Lakeside","Water Bureau","field.inspector@<YOUR-TENANT>.onmicrosoft.com","2026-07-13T16:00:00","AI detected corrosion; water damage and recommends P3 handling.","corrosion; water damage","Medium","P3","Dispatch Water Bureau crew to inspect, secure area, and complete repair.","73","Resolved","dispatcher@<YOUR-TENANT>.onmicrosoft.com","agency.manager@<YOUR-TENANT>.onmicrosoft.com","2026-07-13T22:00:00","2026-07-18T16:00:00","Repair completed and verified.","4861","PARK-023",""
"Building Inspection report 104","FI-00104","Building Inspection","Field report 104 for Building Inspection requiring agency review.","https://<YOUR-TENANT>.sharepoint.com/sites/FieldInspectionDemo/SiteAssets/demo/field-issue-104.jpg","44.064500","-121.324900","204 SW Demo Ave, Summit","Mountain County","Summit","ODOT","field.inspector@<YOUR-TENANT>.onmicrosoft.com","2026-07-16T09:00:00","AI detected graffiti; structural damage and recommends P4 handling.","graffiti; structural damage","Low","P4","Dispatch ODOT crew to inspect, secure area, and complete repair.","74","Rejected","dispatcher@<YOUR-TENANT>.onmicrosoft.com","","","","","4998","BLDG-024",""
"Road Sign report 105","FI-00105","Road Sign","Field report 105 for Road Sign requiring agency review.","https://<YOUR-TENANT>.sharepoint.com/sites/FieldInspectionDemo/SiteAssets/demo/field-issue-105.jpg","44.060500","-123.089200","205 SW Demo Ave, Lakeside","River County","Lakeside","ODOT","field.inspector@<YOUR-TENANT>.onmicrosoft.com","2026-07-19T10:00:00","AI detected vegetation obstruction; standing water and recommends P4 handling.","vegetation obstruction; standing water","Low","P4","Dispatch ODOT crew to inspect, secure area, and complete repair.","75","Resolved","dispatcher@<YOUR-TENANT>.onmicrosoft.com","agency.manager@<YOUR-TENANT>.onmicrosoft.com","2026-07-19T16:00:00","2026-07-26T10:00:00","Repair completed and verified.","5135","SIGN-011",""
"Road Sign report 106","FI-00106","Road Sign","Field report 106 for Road Sign requiring agency review.","https://<YOUR-TENANT>.sharepoint.com/sites/FieldInspectionDemo/SiteAssets/demo/field-issue-106.jpg","45.533400","-122.992200","206 SW Demo Ave, Hillview","West County","Hillview","Public Works","field.inspector@<YOUR-TENANT>.onmicrosoft.com","2026-07-22T11:00:00","AI detected water damage; missing hardware and recommends P3 handling.","water damage; missing hardware","Medium","P3","Dispatch Public Works crew to inspect, secure area, and complete repair.","76","Resolved","dispatcher@<YOUR-TENANT>.onmicrosoft.com","agency.manager@<YOUR-TENANT>.onmicrosoft.com","2026-07-22T17:00:00","2026-07-30T11:00:00","Repair completed and verified.","5272","SIGN-026",""
"Water Leak report 107","FI-00107","Water Leak","Field report 107 for Water Leak requiring agency review.","https://<YOUR-TENANT>.sharepoint.com/sites/FieldInspectionDemo/SiteAssets/demo/field-issue-107.jpg","45.369900","-122.611600","207 SW Demo Ave, Riverton","South County","Riverton","Facilities Mgmt","field.inspector@<YOUR-TENANT>.onmicrosoft.com","2026-07-25T12:00:00","AI detected structural damage; trip hazard and recommends P2 handling.","structural damage; trip hazard","High","P2","Dispatch Facilities Mgmt crew to inspect, secure area, and complete repair.","77","In Progress","dispatcher@<YOUR-TENANT>.onmicrosoft.com","agency.manager@<YOUR-TENANT>.onmicrosoft.com","2026-07-25T18:00:00","","","5409","WTR-027",""
"Park Maintenance report 108","FI-00108","Park Maintenance","Field report 108 for Park Maintenance requiring agency review.","https://<YOUR-TENANT>.sharepoint.com/sites/FieldInspectionDemo/SiteAssets/demo/field-issue-108.jpg","44.942900","-123.042300","208 SW Demo Ave, Capital City","Central County","Capital City","Water Bureau","field.inspector@<YOUR-TENANT>.onmicrosoft.com","2026-07-28T13:00:00","AI detected standing water; corrosion and recommends P3 handling.","standing water; corrosion","Medium","P3","Dispatch Water Bureau crew to inspect, secure area, and complete repair.","78","Approved","dispatcher@<YOUR-TENANT>.onmicrosoft.com","agency.manager@<YOUR-TENANT>.onmicrosoft.com","2026-07-28T19:00:00","","","5546","PARK-028",""
"Building Inspection report 109","FI-00109","Building Inspection","Field report 109 for Building Inspection requiring agency review.","https://<YOUR-TENANT>.sharepoint.com/sites/FieldInspectionDemo/SiteAssets/demo/field-issue-109.jpg","44.054200","-123.096400","209 SW Demo Ave, Lakeside","River County","Lakeside","ODOT","field.inspector@<YOUR-TENANT>.onmicrosoft.com","2026-07-31T14:00:00","AI detected missing hardware; graffiti and recommends P4 handling.","missing hardware; graffiti","Low","P4","Dispatch ODOT crew to inspect, secure area, and complete repair.","79","AI Analyzed","dispatcher@<YOUR-TENANT>.onmicrosoft.com","","","","","5683","BLDG-029",""
"Road Sign report 110","FI-00110","Road Sign","Field report 110 for Road Sign requiring agency review.","https://<YOUR-TENANT>.sharepoint.com/sites/FieldInspectionDemo/SiteAssets/demo/field-issue-110.jpg","45.357300","-122.609200","210 SW Demo Ave, Riverton","South County","Riverton","ODOT","field.inspector@<YOUR-TENANT>.onmicrosoft.com","2026-08-03T15:00:00","AI detected trip hazard; vegetation obstruction and recommends P2 handling.","trip hazard; vegetation obstruction","High","P2","Dispatch ODOT crew to inspect, secure area, and complete repair.","80","Assigned","dispatcher@<YOUR-TENANT>.onmicrosoft.com","agency.manager@<YOUR-TENANT>.onmicrosoft.com","2026-08-03T21:00:00","","","5820","SIGN-021",""
"Road Sign report 111","FI-00111","Road Sign","Field report 111 for Road Sign requiring agency review.","https://<YOUR-TENANT>.sharepoint.com/sites/FieldInspectionDemo/SiteAssets/demo/field-issue-111.jpg","45.521500","-122.680800","211 SW Demo Ave, Metro City","North County","Metro City","Public Works","field.inspector@<YOUR-TENANT>.onmicrosoft.com","2026-08-06T16:00:00","AI detected corrosion; water damage and recommends P3 handling.","corrosion; water damage","Medium","P3","Dispatch Public Works crew to inspect, secure area, and complete repair.","81","Resolved","dispatcher@<YOUR-TENANT>.onmicrosoft.com","agency.manager@<YOUR-TENANT>.onmicrosoft.com","2026-08-06T22:00:00","2026-08-10T16:00:00","Repair completed and verified.","5957","SIGN-031",""
"Water Leak report 112","FI-00112","Road Sign","Field report 112 for Water Leak requiring agency review.","https://<YOUR-TENANT>.sharepoint.com/sites/FieldInspectionDemo/SiteAssets/demo/field-issue-112.jpg","44.054200","-123.090100","SIGN-021 recurring Lakeside corridor, Lakeside","River County","Lakeside","ODOT","field.inspector@<YOUR-TENANT>.onmicrosoft.com","2026-08-09T09:00:00","AI detected graffiti; structural damage and recommends P4 handling.","graffiti; structural damage","Low","P4","Dispatch ODOT crew to inspect, secure area, and complete repair.","82","Rejected","dispatcher@<YOUR-TENANT>.onmicrosoft.com","","","","","6094","SIGN-021",""
"Park Maintenance report 113","FI-00113","Park Maintenance","Field report 113 for Park Maintenance requiring agency review.","https://<YOUR-TENANT>.sharepoint.com/sites/FieldInspectionDemo/SiteAssets/demo/field-issue-113.jpg","45.367800","-122.614000","213 SW Demo Ave, Riverton","South County","Riverton","Water Bureau","field.inspector@<YOUR-TENANT>.onmicrosoft.com","2026-08-12T10:00:00","AI detected vegetation obstruction; standing water and recommends P4 handling.","vegetation obstruction; standing water","Low","P4","Dispatch Water Bureau crew to inspect, secure area, and complete repair.","83","Resolved","dispatcher@<YOUR-TENANT>.onmicrosoft.com","agency.manager@<YOUR-TENANT>.onmicrosoft.com","2026-08-12T16:00:00","2026-08-18T10:00:00","Repair completed and verified.","6231","PARK-033",""
"Building Inspection report 114","FI-00114","Building Inspection","Field report 114 for Building Inspection requiring agency review.","https://<YOUR-TENANT>.sharepoint.com/sites/FieldInspectionDemo/SiteAssets/demo/field-issue-114.jpg","44.955500","-123.044700","214 SW Demo Ave, Capital City","Central County","Capital City","ODOT","field.inspector@<YOUR-TENANT>.onmicrosoft.com","2026-08-15T11:00:00","AI detected water damage; missing hardware and recommends P3 handling.","water damage; missing hardware","Medium","P3","Dispatch ODOT crew to inspect, secure area, and complete repair.","84","Resolved","dispatcher@<YOUR-TENANT>.onmicrosoft.com","agency.manager@<YOUR-TENANT>.onmicrosoft.com","2026-08-15T17:00:00","2026-08-22T11:00:00","Repair completed and verified.","6368","BLDG-034",""
"Facilities report 115","FI-00115","Road Sign","Field report 115 for Facilities requiring agency review.","https://<YOUR-TENANT>.sharepoint.com/sites/FieldInspectionDemo/SiteAssets/demo/field-issue-115.jpg","45.517300","-122.680800","SIGN-001 recurring Metro City corridor, Metro City","North County","Metro City","ODOT","field.inspector@<YOUR-TENANT>.onmicrosoft.com","2026-08-18T12:00:00","AI detected structural damage; trip hazard and recommends P2 handling.","structural damage; trip hazard","High","P2","Dispatch ODOT crew to inspect, secure area, and complete repair.","85","In Progress","dispatcher@<YOUR-TENANT>.onmicrosoft.com","agency.manager@<YOUR-TENANT>.onmicrosoft.com","2026-08-18T18:00:00","","","6505","SIGN-001",""
"Road Sign report 116","FI-00116","Road Sign","Field report 116 for Road Sign requiring agency review.","https://<YOUR-TENANT>.sharepoint.com/sites/FieldInspectionDemo/SiteAssets/demo/field-issue-116.jpg","44.060300","-121.317700","216 SW Demo Ave, Summit","Mountain County","Summit","Public Works","field.inspector@<YOUR-TENANT>.onmicrosoft.com","2026-08-21T13:00:00","AI detected standing water; corrosion and recommends P3 handling.","standing water; corrosion","Medium","P3","Dispatch Public Works crew to inspect, secure area, and complete repair.","86","Approved","dispatcher@<YOUR-TENANT>.onmicrosoft.com","agency.manager@<YOUR-TENANT>.onmicrosoft.com","2026-08-21T19:00:00","","","6642","SIGN-036",""
"Water Leak report 117","FI-00117","Water Leak","Field report 117 for Water Leak requiring agency review.","https://<YOUR-TENANT>.sharepoint.com/sites/FieldInspectionDemo/SiteAssets/demo/field-issue-117.jpg","45.519400","-122.683200","217 SW Demo Ave, Metro City","North County","Metro City","Facilities Mgmt","field.inspector@<YOUR-TENANT>.onmicrosoft.com","2026-08-24T14:00:00","AI detected missing hardware; graffiti and recommends P4 handling.","missing hardware; graffiti","Low","P4","Dispatch Facilities Mgmt crew to inspect, secure area, and complete repair.","87","AI Analyzed","dispatcher@<YOUR-TENANT>.onmicrosoft.com","","","","","6779","WTR-037",""
"Park Maintenance report 118","FI-00118","Park Maintenance","Field report 118 for Park Maintenance requiring agency review.","https://<YOUR-TENANT>.sharepoint.com/sites/FieldInspectionDemo/SiteAssets/demo/field-issue-118.jpg","45.529200","-122.997000","218 SW Demo Ave, Hillview","West County","Hillview","Water Bureau","field.inspector@<YOUR-TENANT>.onmicrosoft.com","2026-08-27T15:00:00","AI detected trip hazard; vegetation obstruction and recommends P2 handling.","trip hazard; vegetation obstruction","High","P2","Dispatch Water Bureau crew to inspect, secure area, and complete repair.","88","Assigned","dispatcher@<YOUR-TENANT>.onmicrosoft.com","agency.manager@<YOUR-TENANT>.onmicrosoft.com","2026-08-27T21:00:00","","","6916","PARK-038",""
"Building Inspection report 119","FI-00119","Building Inspection","Field report 119 for Building Inspection requiring agency review.","https://<YOUR-TENANT>.sharepoint.com/sites/FieldInspectionDemo/SiteAssets/demo/field-issue-119.jpg","45.365700","-122.616400","219 SW Demo Ave, Riverton","South County","Riverton","ODOT","field.inspector@<YOUR-TENANT>.onmicrosoft.com","2026-08-30T16:00:00","AI detected corrosion; water damage and recommends P3 handling.","corrosion; water damage","Medium","P3","Dispatch ODOT crew to inspect, secure area, and complete repair.","89","Resolved","dispatcher@<YOUR-TENANT>.onmicrosoft.com","agency.manager@<YOUR-TENANT>.onmicrosoft.com","2026-08-30T22:00:00","2026-09-02T16:00:00","Repair completed and verified.","7053","BLDG-039",""
"Facilities report 120","FI-00120","Facilities","Field report 120 for Facilities requiring agency review.","https://<YOUR-TENANT>.sharepoint.com/sites/FieldInspectionDemo/SiteAssets/demo/field-issue-120.jpg","44.953400","-123.035100","220 SW Demo Ave, Capital City","Central County","Capital City","Parks & Rec","field.inspector@<YOUR-TENANT>.onmicrosoft.com","2026-09-02T09:00:00","AI detected graffiti; structural damage and recommends P4 handling.","graffiti; structural damage","Low","P4","Dispatch Parks & Rec crew to inspect, secure area, and complete repair.","90","Rejected","dispatcher@<YOUR-TENANT>.onmicrosoft.com","","","","","7190","FAC-040",""

